{
  "type": "minecraft:crafting_shaped",
  "pattern": [
    " 12",
    "3 5",
    " 78"
  ],
  "key": {
    "1": {
      "item": "avarstarsy:infinity_ingot"
    },
    "2": {
      "item": "avarstarsy:infinity_sword"
    },
    "3": {
      "item": "avarstarsy:infinity_ingot"
    },
    "5": {
      "item": "avarstarsy:infinity_sword"
    },
    "7": {
      "item": "avarstarsy:infinity_ingot"
    },
    "8": {
      "item": "avarstarsy:infinity_sword"
    }
  },
  "result": {
    "item": "avarstarsy:avaritia_arrow",
    "count": 1
  }
}