{
  "type": "minecraft:crafting_shaped",
  "pattern": [
    "012",
    "345",
    "678"
  ],
  "key": {
    "0": {
      "item": "avarstarsy:ya_suo_ding"
    },
    "1": {
      "item": "avarstarsy:ya_suo_ding_si"
    },
    "2": {
      "item": "avarstarsy:ya_suo_ding_qi"
    },
    "3": {
      "item": "avarstarsy:ya_suo_ding_er"
    },
    "4": {
      "item": "avarstarsy:ya_suo_ding_wu"
    },
    "5": {
      "item": "avarstarsy:ya_suo_ding_jiu"
    },
    "6": {
      "item": "avarstarsy:ya_suo_ding_3"
    },
    "7": {
      "item": "avarstarsy:ya_suo_ding_liu"
    },
    "8": {
      "item": "avarstarsy:ya_suo_ding_ba"
    }
  },
  "result": {
    "item": "avarstarsy:infinity_ingot",
    "count": 1
  }
}