{
  "type": "minecraft:crafting_shaped",
  "pattern": [
    "012",
    "345",
    "678"
  ],
  "key": {
    "0": {
      "item": "avarstarsy:infinity_ingot"
    },
    "1": {
      "item": "avarstarsy:avaritia_arrow"
    },
    "2": {
      "item": "avarstarsy:infinity_ingot"
    },
    "3": {
      "item": "avarstarsy:infinity_armor_helmet"
    },
    "4": {
      "item": "avarstarsy:infinity_armor_leggings"
    },
    "5": {
      "item": "avarstarsy:infinity_sword"
    },
    "6": {
      "item": "avarstarsy:infinity_armor_chestplate"
    },
    "7": {
      "item": "avarstarsy:infinity_armor_boots"
    },
    "8": {
      "item": "avarstarsy:infinity_pickaxe"
    }
  },
  "result": {
    "item": "avarstarsy:starry_sky_block",
    "count": 1
  }
}