{"stats":{"minecraft:dropped":{"avarstarsy:entity_remover":106,"avarstarsy:infinity_ingot":2,"avarstarsy:bb":1},"minecraft:picked_up":{"minecraft:slime_ball":2,"avarstarsy:infinity_ingot":4,"minecraft:beef":2},"minecraft:used":{"minecraft:warden_spawn_egg":83,"avarstarsy:infinity_ingot":1,"avarstarsy:infinity_spawn_egg":1,"minecraft:dirt":38,"minecraft:command_block":1,"avarstarsy:herobine_spawn_egg":4,"avarstarsy:entity_remover":28},"minecraft:custom":{"minecraft:time_since_rest":2100,"minecraft:crouch_one_cm":186,"minecraft:sprint_one_cm":3014,"minecraft:play_time":6825,"minecraft:deaths":6,"minecraft:damage_taken":2147483647,"minecraft:walk_one_cm":16060,"minecraft:sneak_time":126,"minecraft:mob_kills":11,"minecraft:drop":109,"minecraft:jump":57,"minecraft:damage_dealt":20660,"minecraft:leave_game":2,"minecraft:time_since_death":2074,"minecraft:total_world_time":7564,"minecraft:fly_one_cm":23648},"minecraft:killed":{"avarstarsy:herobine":2,"minecraft:slime":8}},"DataVersion":3120}