{
  "criteria": {
    "hello": {
      "trigger": "minecraft:tick"
    }
  },
  "rewards": {
    "experience": 0,
    "recipes": [
      "avarstarsy:infinity_pickaxe_recipe",
      "avarstarsy:infinity_axe_recipe",
      "avarstarsy:infinity_sword_recipe",
      "avarstarsy:infinity_shovel_recipe",
      "avarstarsy:infinity_hoe_recipe",
      "avarstarsy:infinity_armor_helmet_recipe",
      "avarstarsy:infinity_armor_body_recipe",
      "avarstarsy:infinity_armor_leggings_recipe",
      "avarstarsy:infinity_armor_boots_recipe",
      "minecraft:swordu",
      "minecraft:ingot",
      "minecraft:bow",
      "avarstarsy:easy_armor_helmet_recipe",
      "avarstarsy:easy_armor_body_recipe",
      "avarstarsy:easy_armor_leggings_recipe",
      "avarstarsy:easy_armor_boots_recipe",
      "avarstarsy:easy_pickaxe_recipe",
      "avarstarsy:easy_axe_recipe",
      "avarstarsy:easy_sword_recipe",
      "avarstarsy:easy_shovel_recipe",
      "avarstarsy:easy_hoe_recipe",
      "avarstarsy:ya_suo_1",
      "avarstarsy:ya_suo_2",
      "avarstarsy:ya_suo_3",
      "avarstarsy:ya_suo_si",
      "avarstarsy:ya_suo_wu",
      "avarstarsy:ya_suo_liu",
      "avarstarsy:ya_suo_qi",
      "avarstarsy:ya_suo_ba",
      "avarstarsy:ya_suo_jiu",
      "avarstarsy:ew",
      "avarstarsy:nnm",
      "avarstarsy:unbreajingblock"
    ]
  }
}