{
  "_fv": 34,
  "_type": "rangeditem",
  "definition": {
    "renderType": 0,
    "texture": "idle",
    "customModelName": "Normal",
    "name": "Starry Sky Bow",
    "specialInfo": [],
    "creativeTab": {
      "value": "CUSTOM:Avaritia"
    },
    "stackSize": 1,
    "ammoItem": {
      "value": ""
    },
    "shootConstantly": true,
    "usageCount": 100000,
    "actionSound": {
      "value": "entity.arrow.shoot"
    },
    "hasGlow": false,
    "animation": "bow",
    "enableMeleeDamage": false,
    "damageVsEntity": 0.0,
    "onRangedItemUsed": {
      "name": "AvaritiaArrowDangYuanChengWuPinShiYongShi"
    },
    "bulletPower": 100.0,
    "bulletDamage": 10000.0,
    "bulletKnockback": 0,
    "bulletParticles": true,
    "bulletIgnitesFire": true,
    "bulletItemTexture": {
      "value": "CUSTOM:InfinitySword"
    },
    "bulletModel": "Default",
    "customBulletModelTexture": "layer_0.png",
    "onBulletHitsPlayer": {
      "name": "ArrowKill"
    },
    "onBulletHitsEntity": {
      "name": "ArrowKill"
    }
  }
}