{
  "_fv": 34,
  "_type": "tool",
  "definition": {
    "renderType": 0,
    "texture": "easy_axe",
    "customModelName": "Normal",
    "name": "Easy Axe",
    "specialInfo": [],
    "creativeTab": {
      "value": "CUSTOM:Avaritia"
    },
    "toolType": "Axe",
    "harvestLevel": 128000,
    "efficiency": 128000.0,
    "attackSpeed": 4.0,
    "enchantability": 128000,
    "damageVsEntity": 50.0,
    "usageCount": 4096,
    "blocksAffected": [],
    "hasGlow": false,
    "repairItems": [
      {
        "value": "Blocks.NETHERITE_BLOCK"
      }
    ],
    "immuneToFire": true,
    "stayInGridWhenCrafting": false,
    "damageOnCrafting": false,
    "onRightClickedInAir": {
      "name": "SiChouZhiChu"
    }
  }
}