{
  "_fv": 34,
  "_type": "armor",
  "definition": {
    "enableHelmet": true,
    "textureHelmet": "ax_head",
    "enableBody": true,
    "textureBody": "ax_body",
    "enableLeggings": true,
    "textureLeggings": "ax_leggings",
    "enableBoots": true,
    "textureBoots": "ax_boots",
    "onHelmetTick": {
      "name": "EasyArmorXiongJiaShiJianMeiYouXiKe"
    },
    "onBodyTick": {
      "name": "EasyArmorXiongJiaShiJianMeiYouXiKe"
    },
    "onLeggingsTick": {
      "name": "EasyArmorXiongJiaShiJianMeiYouXiKe"
    },
    "onBootsTick": {
      "name": "EasyArmorXiongJiaShiJianMeiYouXiKe"
    },
    "creativeTab": {
      "value": "CUSTOM:Avaritia"
    },
    "armorTextureFile": "ax",
    "helmetName": "Easy Helmet",
    "bodyName": "Easy Chestplate",
    "leggingsName": "Easy Leggings",
    "bootsName": "Easy Boots",
    "helmetSpecialInfo": [],
    "bodySpecialInfo": [],
    "leggingsSpecialInfo": [],
    "bootsSpecialInfo": [],
    "helmetModelName": "Default",
    "helmetModelPart": "Helmet",
    "helmetModelTexture": "From armor",
    "bodyModelName": "Default",
    "bodyModelPart": "Body",
    "armsModelPartL": "Arms L",
    "armsModelPartR": "Arms R",
    "bodyModelTexture": "From armor",
    "leggingsModelName": "Default",
    "leggingsModelPartL": "Leggings L",
    "leggingsModelPartR": "Leggings R",
    "leggingsModelTexture": "From armor",
    "bootsModelName": "Default",
    "bootsModelPartL": "Boots L",
    "bootsModelPartR": "Boots R",
    "bootsModelTexture": "From armor",
    "helmetImmuneToFire": false,
    "bodyImmuneToFire": false,
    "leggingsImmuneToFire": false,
    "bootsImmuneToFire": false,
    "maxDamage": 1000,
    "damageValueHelmet": 40,
    "damageValueBody": 120,
    "damageValueLeggings": 80,
    "damageValueBoots": 40,
    "enchantability": 100,
    "toughness": 5.0,
    "knockbackResistance": 0.0,
    "equipSound": {
      "value": ""
    },
    "repairItems": [
      {
        "value": "Blocks.NETHERITE_BLOCK"
      }
    ]
  }
}