{
  "_fv": 34,
  "_type": "tool",
  "definition": {
    "renderType": 0,
    "texture": "easy_sword",
    "customModelName": "Normal",
    "name": "Easy Sword",
    "specialInfo": [
      "2147483647 Damage[Normal]+2147483647 Damage[death.attack.]"
    ],
    "creativeTab": {
      "value": "CUSTOM:Avaritia"
    },
    "toolType": "Sword",
    "harvestLevel": 128000,
    "efficiency": 128000.0,
    "attackSpeed": 4.0,
    "enchantability": 128000,
    "damageVsEntity": 25.0,
    "usageCount": 4096,
    "blocksAffected": [],
    "hasGlow": false,
    "repairItems": [
      {
        "value": "Blocks.NETHERITE_BLOCK"
      }
    ],
    "immuneToFire": true,
    "stayInGridWhenCrafting": false,
    "damageOnCrafting": false,
    "onEntityHitWith": {
      "name": "EasySwordDangShiTiBeiGongJuJiZhongShi"
    }
  }
}