{
  "_fv": 34,
  "_type": "item",
  "definition": {
    "renderType": 0,
    "texture": "4_layer_1",
    "customModelName": "Normal",
    "name": "{java error:53}",
    "rarity": "COMMON",
    "creativeTab": {
      "value": "No creative tab entry"
    },
    "stackSize": 0,
    "enchantability": 0,
    "useDuration": 0,
    "toolType": 0.0,
    "damageCount": 0,
    "recipeRemainder": {
      "value": ""
    },
    "destroyAnyBlock": false,
    "immuneToFire": false,
    "stayInGridWhenCrafting": false,
    "damageOnCrafting": false,
    "enableMeleeDamage": false,
    "damageVsEntity": 0.0,
    "specialInfo": [],
    "hasGlow": false,
    "guiBoundTo": "<NONE>",
    "inventorySize": 0,
    "inventoryStackSize": 1,
    "onRightClickedInAir": {
      "name": "LogoDangWuPinZaiShouShangMeiKeFaSheng"
    },
    "onRightClickedOnBlock": {
      "name": "LogoDangWuPinZaiShouShangMeiKeFaSheng"
    },
    "onCrafted": {
      "name": "LogoDangWuPinZaiShouShangMeiKeFaSheng"
    },
    "onEntityHitWith": {
      "name": "LogoDangWuPinZaiShouShangMeiKeFaSheng"
    },
    "onItemInInventoryTick": {
      "name": "LogoDangWuPinZaiShouShangMeiKeFaSheng"
    },
    "onItemInUseTick": {
      "name": "LogoDangWuPinZaiShouShangMeiKeFaSheng"
    },
    "onStoppedUsing": {
      "name": "LogoDangWuPinZaiShouShangMeiKeFaSheng"
    },
    "onEntitySwing": {
      "name": "LogoDangWuPinZaiShouShangMeiKeFaSheng"
    },
    "onDroppedByPlayer": {
      "name": "LogoDangWuPinZaiShouShangMeiKeFaSheng"
    },
    "onFinishUsingItem": {
      "name": "LogoDangWuPinZaiShouShangMeiKeFaSheng"
    },
    "isFood": false,
    "nutritionalValue": 4,
    "saturation": 0.3,
    "eatResultItem": {
      "value": ""
    },
    "isMeat": false,
    "isAlwaysEdible": false,
    "animation": "none"
  }
}