{
  "_fv": 34,
  "_type": "rangeditem",
  "definition": {
    "renderType": 0,
    "texture": "4_layer_1",
    "customModelName": "Normal",
    "name": "{java:error53}",
    "specialInfo": [],
    "creativeTab": {
      "value": "No creative tab entry"
    },
    "stackSize": 64,
    "ammoItem": {
      "value": ""
    },
    "shootConstantly": false,
    "usageCount": 0,
    "actionSound": {
      "value": "entity.arrow.shoot"
    },
    "hasGlow": false,
    "animation": "none",
    "enableMeleeDamage": false,
    "damageVsEntity": 0.0,
    "bulletPower": 100.0,
    "bulletDamage": 10000.0,
    "bulletKnockback": 0,
    "bulletParticles": false,
    "bulletIgnitesFire": false,
    "bulletItemTexture": {
      "value": "CUSTOM:Emptywp"
    },
    "bulletModel": "Default",
    "customBulletModelTexture": "",
    "onBulletHitsPlayer": {
      "name": "Aw"
    },
    "onBulletHitsEntity": {
      "name": "Aw"
    }
  }
}