{
  "_fv": 34,
  "_type": "recipe",
  "definition": {
    "recipeType": "Crafting",
    "xpReward": 0.0,
    "cookingTime": 200,
    "recipeRetstackSize": 1,
    "group": "",
    "recipeShapeless": false,
    "recipeSlots": [
      {
        "value": "CUSTOM:InfinityIngot"
      },
      {
        "value": "CUSTOM:AvaritiaArrow"
      },
      {
        "value": "CUSTOM:InfinityIngot"
      },
      {
        "value": "CUSTOM:InfinityArmor.helmet"
      },
      {
        "value": "CUSTOM:InfinityArmor.legs"
      },
      {
        "value": "CUSTOM:InfinitySword"
      },
      {
        "value": "CUSTOM:InfinityArmor.body"
      },
      {
        "value": "CUSTOM:InfinityArmor.boots"
      },
      {
        "value": "CUSTOM:InfinityPickaxe"
      }
    ],
    "recipeReturnStack": {
      "value": "CUSTOM:StarrySkyBlock"
    },
    "name": "ew",
    "namespace": "mod"
  }
}