{
  "_fv": 34,
  "_type": "command",
  "definition": {
    "commandName": "forcedkill",
    "permissionLevel": "4",
    "argsxml": "<xml xmlns=\"https://developers.google.com/blockly/xml\"><block type=\"args_start\" deletable=\"false\" x=\"40\" y=\"40\"><next><block type=\"entity\"><field name=\"name\">targets</field><field name=\"type\">entities</field><statement name=\"args\"><block type=\"call_procedure\"><field name=\"procedure\">Fuk</field></block></statement></block></next></block></xml>"
  }
}