{
  "_fv": 34,
  "_type": "tool",
  "definition": {
    "renderType": 0,
    "texture": "mm",
    "customModelName": "Normal",
    "name": "entity clear attribe invincible",
    "specialInfo": [],
    "creativeTab": {
      "value": "CUSTOM:Avaritia"
    },
    "toolType": "Sword",
    "harvestLevel": 128000,
    "efficiency": 128000.0,
    "attackSpeed": 100.0,
    "enchantability": 128000,
    "damageVsEntity": 128000.0,
    "usageCount": 0,
    "blocksAffected": [],
    "hasGlow": false,
    "repairItems": [
      {
        "value": "CUSTOM:InfinityIngot"
      }
    ],
    "immuneToFire": true,
    "stayInGridWhenCrafting": false,
    "damageOnCrafting": false,
    "onEntityHitWith": {
      "name": "GgDangShiTiBeiGongJuJiZhongShi"
    },
    "onEntitySwing": {
      "name": "GgDangShiTiHuiDongWuPinShi"
    }
  }
}