{
  "_fv": 34,
  "_type": "achievement",
  "definition": {
    "achievementName": "HELLO!Avarstarsy!",
    "achievementDescription": "HELLO!Avarstarsy!",
    "achievementIcon": {
      "value": "CUSTOM:Logo"
    },
    "background": "Default",
    "disableDisplay": true,
    "showPopup": false,
    "announceToChat": false,
    "hideIfNotCompleted": true,
    "rewardLoot": [],
    "rewardRecipes": [
      "InfinityPickaxeRecipe",
      "InfinityAxeRecipe",
      "InfinitySwordRecipe",
      "InfinityShovelRecipe",
      "InfinityHoeRecipe",
      "InfinityArmorHelmetRecipe",
      "InfinityArmorBodyRecipe",
      "InfinityArmorLeggingsRecipe",
      "InfinityArmorBootsRecipe",
      "SwordShengJi",
      "Ingot",
      "Bow",
      "EasyArmorHelmetRecipe",
      "EasyArmorBodyRecipe",
      "EasyArmorLeggingsRecipe",
      "EasyArmorBootsRecipe",
      "EasyPickaxeRecipe",
      "EasyAxeRecipe",
      "EasySwordRecipe",
      "EasyShovelRecipe",
      "EasyHoeRecipe",
      "YaSuo1",
      "YaSuo2",
      "YaSuo3",
      "YaSuoSi",
      "YaSuoWu",
      "YaSuoLiu",
      "YaSuoQi",
      "YaSuoBa",
      "YaSuoJiu",
      "Ew",
      "Nnm",
      "UNBREAJINGBLOCK"
    ],
    "rewardFunction": "No function",
    "rewardXP": 0,
    "achievementType": "task",
    "parent": {
      "value": "No parent: root"
    },
    "triggerxml": "<xml xmlns=\"https://developers.google.com/blockly/xml\"><block type=\"tick\" x=\"41\" y=\"50\"><next><block type=\"advancement_trigger\" deletable=\"false\"></block></next></block></xml>"
  }
}