{
  "_fv": 34,
  "_type": "tool",
  "definition": {
    "renderType": 0,
    "texture": "pickaxe",
    "customModelName": "Normal",
    "name": "Starry Sky Pickaxe",
    "specialInfo": [],
    "creativeTab": {
      "value": "CUSTOM:Avaritia"
    },
    "toolType": "MultiTool",
    "harvestLevel": 128000,
    "efficiency": 128000.0,
    "attackSpeed": 100.0,
    "enchantability": 128000,
    "damageVsEntity": 128000.0,
    "usageCount": 0,
    "blocksAffected": [],
    "hasGlow": false,
    "repairItems": [
      {
        "value": "CUSTOM:InfinityIngot"
      }
    ],
    "immuneToFire": true,
    "stayInGridWhenCrafting": false,
    "damageOnCrafting": false,
    "onRightClickedInAir": {
      "name": "SiChouZhiChu"
    },
    "onRightClickedOnBlock": {
      "name": "R"
    },
    "onCrafted": {
      "name": "InfinityPickaxeDangGongJuChuXianZaiWuPinLanShi"
    },
    "onItemInInventoryTick": {
      "name": "InfinityPickaxeDangGongJuChuXianZaiWuPinLanShi"
    },
    "onBlockDestroyedWithTool": {
      "name": "R"
    }
  }
}