{
  "_fv": 34,
  "_type": "item",
  "definition": {
    "renderType": 0,
    "texture": "infinityingot",
    "customModelName": "Normal",
    "name": "Starry Sky Ingot [God]",
    "rarity": "EPIC",
    "creativeTab": {
      "value": "CUSTOM:Avaritia"
    },
    "stackSize": 64,
    "enchantability": 0,
    "useDuration": 10,
    "toolType": 128000.0,
    "damageCount": 0,
    "recipeRemainder": {
      "value": ""
    },
    "destroyAnyBlock": false,
    "immuneToFire": true,
    "stayInGridWhenCrafting": false,
    "damageOnCrafting": false,
    "enableMeleeDamage": false,
    "damageVsEntity": 0.0,
    "specialInfo": [],
    "hasGlow": false,
    "guiBoundTo": "<NONE>",
    "inventorySize": 9,
    "inventoryStackSize": 64,
    "onFinishUsingItem": {
      "name": "InfinityIngotWanJiaWanChengShiYongWuPinShi"
    },
    "isFood": true,
    "nutritionalValue": 1000,
    "saturation": 1000.0,
    "eatResultItem": {
      "value": ""
    },
    "isMeat": true,
    "isAlwaysEdible": true,
    "animation": "none"
  }
}