{
  "_fv": 34,
  "_type": "armor",
  "definition": {
    "enableHelmet": true,
    "textureHelmet": "armor_1",
    "enableBody": true,
    "textureBody": "armor_2",
    "enableLeggings": true,
    "textureLeggings": "armor_0",
    "enableBoots": true,
    "textureBoots": "armor_3",
    "onHelmetTick": {
      "name": "InfinityArmorTouKuiShiJianMeiYouXiKe"
    },
    "onBodyTick": {
      "name": "InfinityArmorTouKuiShiJianMeiYouXiKe"
    },
    "onLeggingsTick": {
      "name": "InfinityArmorTouKuiShiJianMeiYouXiKe"
    },
    "onBootsTick": {
      "name": "InfinityArmorTouKuiShiJianMeiYouXiKe"
    },
    "creativeTab": {
      "value": "CUSTOM:Avaritia"
    },
    "armorTextureFile": "infinity",
    "helmetName": "Starry Sky Helmet",
    "bodyName": "Starry Sky Chestplate",
    "leggingsName": "Starry Sky Leggings",
    "bootsName": "Starry Sky Boots",
    "helmetSpecialInfo": [],
    "bodySpecialInfo": [],
    "leggingsSpecialInfo": [],
    "bootsSpecialInfo": [],
    "helmetModelName": "Default",
    "helmetModelPart": "Helmet",
    "helmetModelTexture": "From armor",
    "bodyModelName": "Default",
    "bodyModelPart": "Body",
    "armsModelPartL": "Arms L",
    "armsModelPartR": "Arms R",
    "bodyModelTexture": "From armor",
    "leggingsModelName": "Default",
    "leggingsModelPartL": "Leggings L",
    "leggingsModelPartR": "Leggings R",
    "leggingsModelTexture": "From armor",
    "bootsModelName": "Default",
    "bootsModelPartL": "Boots L",
    "bootsModelPartR": "Boots R",
    "bootsModelTexture": "From armor",
    "helmetImmuneToFire": true,
    "bodyImmuneToFire": true,
    "leggingsImmuneToFire": true,
    "bootsImmuneToFire": true,
    "maxDamage": 0,
    "damageValueHelmet": 1024,
    "damageValueBody": 1024,
    "damageValueLeggings": 1024,
    "damageValueBoots": 1024,
    "enchantability": 100,
    "toughness": 10.0,
    "knockbackResistance": 5.0,
    "equipSound": {
      "value": ""
    },
    "repairItems": [
      {
        "value": "CUSTOM:InfinityIngot"
      }
    ]
  }
}