{
  "_fv": 34,
  "_type": "recipe",
  "definition": {
    "recipeType": "Crafting",
    "xpReward": 0.0,
    "cookingTime": 200,
    "recipeRetstackSize": 1,
    "group": "",
    "recipeShapeless": false,
    "recipeSlots": [
      {
        "value": "CUSTOM:YaSuoDing"
      },
      {
        "value": "CUSTOM:YaSuoDingSi"
      },
      {
        "value": "CUSTOM:YaSuoDingQi"
      },
      {
        "value": "CUSTOM:YaSuoDingEr"
      },
      {
        "value": "CUSTOM:YaSuoDingWu"
      },
      {
        "value": "CUSTOM:YaSuoDingJiu"
      },
      {
        "value": "CUSTOM:YaSuoDing3"
      },
      {
        "value": "CUSTOM:YaSuoDingLiu"
      },
      {
        "value": "CUSTOM:YaSuoDingBa"
      }
    ],
    "recipeReturnStack": {
      "value": "CUSTOM:InfinityIngot"
    },
    "name": "ingot",
    "namespace": "minecraft"
  }
}