{
  "_fv": 34,
  "_type": "recipe",
  "definition": {
    "recipeType": "Crafting",
    "xpReward": 0.0,
    "cookingTime": 200,
    "recipeRetstackSize": 1,
    "group": "",
    "recipeShapeless": false,
    "recipeSlots": [
      {
        "value": "CUSTOM:UltimateBlock"
      },
      {
        "value": "CUSTOM:UltimateBlock"
      },
      {
        "value": "CUSTOM:UltimateBlock"
      },
      {
        "value": "CUSTOM:UltimateBlock"
      },
      {
        "value": "CUSTOM:InfinitySword"
      },
      {
        "value": "CUSTOM:UltimateBlock"
      },
      {
        "value": "CUSTOM:UltimateBlock"
      },
      {
        "value": "CUSTOM:UltimateBlock"
      },
      {
        "value": "CUSTOM:UltimateBlock"
      }
    ],
    "recipeReturnStack": {
      "value": "CUSTOM:SmallWoodSword"
    },
    "name": "nnm",
    "namespace": "mod"
  }
}