{
  "_fv": 34,
  "_type": "gui",
  "definition": {
    "type": 0,
    "width": 512,
    "height": 512,
    "inventoryOffsetX": 0,
    "inventoryOffsetY": 0,
    "renderBgLayer": true,
    "doesPauseGame": true,
    "components": [
      {
        "type": "image",
        "data": {
          "image": "20200720155724-3a418f335a8813495e189a89c021d370-desktop.png",
          "use1Xscale": true,
          "name": "20200720155724-3a418f335a8813495e189a89c021d370-desktop.png",
          "x": -39,
          "y": -28
        }
      },
      {
        "type": "label",
        "data": {
          "text": "You Died!",
          "color": {
            "value": -1,
            "falpha": 0.0
          },
          "name": "You Died!",
          "x": 195,
          "y": 107
        }
      },
      {
        "type": "label",
        "data": {
          "text": "You Can't Respwan!",
          "color": {
            "value": -1,
            "falpha": 0.0
          },
          "name": "You Can't Respwan!",
          "x": 168,
          "y": 125
        }
      }
    ],
    "gridSettings": {
      "sx": 18,
      "sy": 18,
      "ox": 11,
      "oy": 15,
      "snapOnGrid": false
    }
  }
}