{
  "_fv": 34,
  "_type": "tool",
  "definition": {
    "renderType": 0,
    "texture": "layer_3",
    "customModelName": "Normal",
    "name": "Entity Remover",
    "specialInfo": [
      "＋Infinity Attack Damage"
    ],
    "creativeTab": {
      "value": "CUSTOM:Avaritia"
    },
    "toolType": "Axe",
    "harvestLevel": 128000,
    "efficiency": 128000.0,
    "attackSpeed": 100.0,
    "enchantability": 128000,
    "damageVsEntity": 128000.0,
    "usageCount": 0,
    "blocksAffected": [],
    "hasGlow": true,
    "repairItems": [],
    "immuneToFire": true,
    "stayInGridWhenCrafting": false,
    "damageOnCrafting": false,
    "onRightClickedInAir": {
      "name": "B"
    },
    "onRightClickedOnBlock": {
      "name": "BC"
    },
    "onEntityHitWith": {
      "name": "SmallWoodSwordDangShiTiBeiGongJuJiZhongShi"
    },
    "onItemInInventoryTick": {
      "name": "InfinitySwordDangGongJuChuXianZaiWuPinLanShi"
    },
    "onEntitySwing": {
      "name": "SmallWoodSwordDangShiTiHuiDongWuPinShi"
    }
  }
}