{
  "minecraft:recipes/combat/bow": {
    "criteria": {
      "has_the_recipe": "2022-12-31 15:25:29 +0800"
    },
    "done": true
  },
  "minecraft:recipes/building_blocks/polished_granite_stairs": {
    "criteria": {
      "has_polished_granite": "2022-12-31 15:34:01 +0800"
    },
    "done": true
  },
  "minecraft:recipes/building_blocks/polished_granite_slab": {
    "criteria": {
      "has_polished_granite": "2022-12-31 15:34:01 +0800"
    },
    "done": true
  },
  "minecraft:husbandry/root": {
    "criteria": {
      "consumed_item": "2022-12-31 15:45:46 +0800"
    },
    "done": true
  },
  "avarstarsy:abc": {
    "criteria": {
      "abc": "2023-01-14 15:30:38 +0800"
    },
    "done": true
  },
  "minecraft:recipes/decorations/chest": {
    "criteria": {
      "has_lots_of_items": "2023-01-14 15:06:03 +0800"
    },
    "done": true
  },
  "minecraft:recipes/building_blocks/polished_granite_slab_from_polished_granite_stonecutting": {
    "criteria": {
      "has_polished_granite": "2022-12-31 15:34:01 +0800"
    },
    "done": true
  },
  "avarstarsy:bn": {
    "criteria": {
      "bn": "2023-01-14 15:30:22 +0800"
    },
    "done": true
  },
  "minecraft:recipes/building_blocks/polished_granite_stairs_from_polished_granite_stonecutting": {
    "criteria": {
      "has_polished_granite": "2022-12-31 15:34:01 +0800"
    },
    "done": true
  },
  "avarstarsy:abcdefghij": {
    "criteria": {
      "abcdefghij": "2023-01-14 15:28:39 +0800"
    },
    "done": true
  },
  "minecraft:adventure/root": {
    "criteria": {
      "killed_something": "2022-12-31 15:39:44 +0800"
    },
    "done": true
  },
  "minecraft:adventure/shoot_arrow": {
    "criteria": {
      "shot_arrow": "2022-12-31 15:47:49 +0800"
    },
    "done": true
  },
  "avarstarsy:abcdefg": {
    "criteria": {
      "abcdefg": "2023-01-14 15:03:45 +0800"
    },
    "done": true
  },
  "avarstarsy:hello": {
    "criteria": {
      "hello": "2022-12-31 15:25:29 +0800"
    },
    "done": true
  },
  "minecraft:adventure/adventuring_time": {
    "criteria": {
      "minecraft:birch_forest": "2022-12-31 15:29:43 +0800",
      "minecraft:forest": "2022-12-31 15:29:31 +0800"
    },
    "done": false
  },
  "DataVersion": 3120
}