{"stats":{"minecraft:mined":{"minecraft:grass_block":9},"minecraft:used":{"minecraft:warden_spawn_egg":3,"avarstarsy:killsword":6,"avarstarsy:infinitybiped_spawn_egg":4,"avarstarsy:infinity_armor_helmet":4,"minecraft:polished_granite":6,"avarstarsy:infinity_armor_chestplate":2,"avarstarsy:infinity_axe":1,"avarstarsy:infinity_ingot":79,"avarstarsy:easy_axe":11,"avarstarsy:infinity_sword":27,"avarstarsy:infinity_hammer":309,"avarstarsy:infinity_armor_boots":3,"avarstarsy:easy_sword":2,"avarstarsy:herobine_spawn_egg":16,"avarstarsy:entity_remover":4,"minecraft:jukebox":3,"minecraft:sculk_catalyst":4,"avarstarsy:infinity_armor_leggings":2,"avarstarsy:ultimate_block":12},"minecraft:killed":{"avarstarsy:herobine":6,"minecraft:warden":1},"minecraft:picked_up":{"minecraft:sculk_catalyst":1,"avarstarsy:infinity_armor_leggings":1,"avarstarsy:infinity_ingot":145,"avarstarsy:infinity_sword":1,"avarstarsy:entity_remover":35,"minecraft:dirt":22,"avarstarsy:killitem":8,"minecraft:arrow":19,"avarstarsy:infinity_armor_helmet":5,"avarstarsy:infinitybiped_spawn_egg":1,"avarstarsy:infinity_armor_boots":1,"avarstarsy:infinity_armor_chestplate":1,"avarstarsy:infinity_hammer":1,"avarstarsy:avaritia_arrow":1},"minecraft:custom":{"minecraft:time_since_rest":2411,"minecraft:sprint_one_cm":4507,"minecraft:damage_taken":2147483647,"minecraft:walk_one_cm":37811,"minecraft:mob_kills":12,"minecraft:drop":179,"minecraft:damage_dealt":96253,"minecraft:play_record":5,"minecraft:fly_one_cm":4508,"minecraft:crouch_one_cm":52,"minecraft:play_time":38821,"minecraft:deaths":6,"minecraft:sneak_time":360,"minecraft:jump":96,"minecraft:leave_game":4,"minecraft:time_since_death":0,"minecraft:total_world_time":58026,"minecraft:fall_one_cm":2403},"minecraft:dropped":{"avarstarsy:killitem":23,"avarstarsy:entity_remover":92,"avarstarsy:infinity_armor_chestplate":1,"avarstarsy:infinity_sword":2,"avarstarsy:infinity_ingot":52,"avarstarsy:infinity_armor_boots":1,"avarstarsy:infinity_armor_helmet":6,"avarstarsy:infinity_armor_leggings":1,"avarstarsy:infinity_pickaxe":1},"minecraft:killed_by":{"avarstarsy:herobine":1,"minecraft:player":1}},"DataVersion":3120}