{"stats":{"minecraft:dropped":{"avarstarsy:entity_remover":72},"minecraft:picked_up":{"minecraft:leather":2,"avarstarsy:entity_remover":11},"minecraft:killed":{"minecraft:horse":2,"minecraft:slime":5},"minecraft:custom":{"minecraft:time_since_rest":2306,"minecraft:crouch_one_cm":871,"minecraft:damage_taken":2147483647,"minecraft:play_time":6962,"minecraft:sprint_one_cm":1841,"minecraft:deaths":1,"minecraft:walk_one_cm":5166,"minecraft:sneak_time":501,"minecraft:walk_under_water_one_cm":2558,"minecraft:mob_kills":7,"minecraft:drop":72,"minecraft:jump":29,"minecraft:leave_game":2,"minecraft:walk_on_water_one_cm":8457,"minecraft:time_since_death":2245,"minecraft:total_world_time":7108,"minecraft:fly_one_cm":60072},"minecraft:used":{"minecraft:water_bucket":5,"minecraft:dirt":1,"minecraft:oak_planks":31,"minecraft:bucket":1,"avarstarsy:starry_sky_block":1,"avarstarsy:entity_remover":41}},"DataVersion":3120}