{"stats":{"minecraft:killed":{"minecraft:sheep":1,"minecraft:horse":2,"minecraft:skeleton":1,"minecraft:zombie":4,"avarstarsy:herobine":26,"minecraft:chicken":2,"minecraft:spider":4,"minecraft:warden":1,"minecraft:wither_skeleton":25,"minecraft:slime":98,"minecraft:creeper":3},"minecraft:picked_up":{"minecraft:feather":2,"minecraft:chicken":2,"avarstarsy:infinity_armor_leggings":1,"minecraft:leather":2,"avarstarsy:infinity_ingot":42,"avarstarsy:easy_armor_helmet":4,"minecraft:grass_block":89,"minecraft:gunpowder":4,"minecraft:wither_skeleton_skull":1,"minecraft:string":4,"avarstarsy:easy_armor_chestplate":4,"minecraft:spider_eye":1,"minecraft:dirt":211,"avarstarsy:easy_armor_boots":4,"avarstarsy:easy_armor_leggings":4,"avarstarsy:killitem":2,"avarstarsy:infinity_armor_helmet":7,"minecraft:stone_sword":1,"minecraft:bone":36,"minecraft:arrow":3,"minecraft:rotten_flesh":10,"minecraft:slime_ball":70,"avarstarsy:infinity_armor_boots":1,"avarstarsy:infinity_axe":1,"avarstarsy:infinity_armor_chestplate":1,"minecraft:mutton":2,"minecraft:coal":5,"minecraft:white_wool":1,"minecraft:nether_star":3,"minecraft:ender_pearl":1},"minecraft:mined":{"minecraft:grass_block":112,"minecraft:dirt_path":10,"minecraft:dirt":182},"minecraft:killed_by":{"avarstarsy:herobine":18,"minecraft:creeper":1,"minecraft:spider":1,"minecraft:zombie":2,"minecraft:enderman":1},"minecraft:dropped":{"minecraft:dirt":1,"avarstarsy:easy_armor_helmet":1,"avarstarsy:killitem":15,"avarstarsy:easy_armor_leggings":2,"avarstarsy:entity_remover":2,"avarstarsy:infinity_armor_chestplate":2,"avarstarsy:infinity_ingot":22,"avarstarsy:easy_armor_boots":2,"avarstarsy:infinity_armor_boots":14,"avarstarsy:infinity_armor_helmet":17,"avarstarsy:easy_armor_chestplate":2,"avarstarsy:infinity_armor_leggings":2},"minecraft:used":{"avarstarsy:killsword":1,"minecraft:stone_sword":7,"minecraft:wither_skeleton_skull":9,"avarstarsy:easy_armor_chestplate":4,"avarstarsy:infinitybiped_spawn_egg":9,"avarstarsy:easy_armor_leggings":4,"minecraft:wither_skeleton_spawn_egg":95,"minecraft:soul_sand":12,"minecraft:anvil":1,"avarstarsy:infinity_sword":397,"avarstarsy:easy_armor_boots":4,"avarstarsy:infinity_hammer":8,"avarstarsy:easy_sword":84,"avarstarsy:herobine_spawn_egg":27,"avarstarsy:infinity_shovel":224,"avarstarsy:easy_armor_helmet":4,"avarstarsy:ultimate_block":1},"minecraft:custom":{"minecraft:time_since_rest":357,"minecraft:sprint_one_cm":12550,"minecraft:damage_taken":2147483647,"minecraft:walk_one_cm":144467,"minecraft:mob_kills":181,"minecraft:interact_with_anvil":3,"minecraft:drop":82,"minecraft:damage_dealt":394112,"minecraft:fly_one_cm":79164,"minecraft:play_time":56022,"minecraft:crouch_one_cm":322,"minecraft:sneak_time":360,"minecraft:deaths":77,"minecraft:jump":227,"minecraft:leave_game":8,"minecraft:time_since_death":0,"minecraft:total_world_time":67873,"minecraft:fall_one_cm":16237}},"DataVersion":3120}